{"timestamps": [1586774054.604795], "episode_types": ["t"], "episode_lengths": [11], "initial_reset_timestamp": 1586774047.3976562, "episode_rewards": [11.0]}