{"timestamps": [1586774503.0449288], "episode_types": ["t"], "episode_lengths": [196], "initial_reset_timestamp": 1586774398.2952113, "episode_rewards": [196.0]}