{"episode_lengths": [200], "episode_rewards": [200.0], "episode_types": ["t"], "initial_reset_timestamp": 1586773492.8449686, "timestamps": [1586773599.4901183]}