{"episode_lengths": [11], "episode_rewards": [11.0], "episode_types": ["t"], "initial_reset_timestamp": 1586773297.8954258, "timestamps": [1586773300.1739962]}