{"episode_types": ["t"], "episode_lengths": [12], "timestamps": [1586772836.4171607], "initial_reset_timestamp": 1586772834.0126626, "episode_rewards": [12.0]}