{"episode_types": ["t"], "episode_lengths": [14], "timestamps": [1586772981.7020648], "initial_reset_timestamp": 1586772980.4970832, "episode_rewards": [14.0]}