{"timestamps": [1586772319.152259], "episode_rewards": [14.0], "episode_types": ["t"], "initial_reset_timestamp": 1586772302.7823622, "episode_lengths": [14]}