{"episode_lengths": [12], "episode_types": ["t"], "initial_reset_timestamp": 1586768661.0083127, "timestamps": [1586768663.5720055], "episode_rewards": [12.0]}