{"episode_rewards": [12.0], "episode_lengths": [12], "initial_reset_timestamp": 1586762697.9087653, "episode_types": ["t"], "timestamps": [1586762700.7346277]}