{"timestamps": [1586767635.3793738], "initial_reset_timestamp": 1586767633.6255805, "episode_lengths": [12], "episode_rewards": [12.0], "episode_types": ["t"]}