{"timestamps": [1586762791.8178608], "episode_lengths": [12], "episode_rewards": [12.0], "episode_types": ["t"], "initial_reset_timestamp": 1586762789.4439232}