{"timestamps": [1586762215.403503], "episode_lengths": [12], "episode_types": ["t"], "initial_reset_timestamp": 1586762212.2993445, "episode_rewards": [12.0]}