{"initial_reset_timestamp": 1586767902.7569616, "timestamps": [1586767904.1198366], "episode_lengths": [14], "episode_rewards": [14.0], "episode_types": ["t"]}