{"episode_lengths": [14], "initial_reset_timestamp": 1586763007.8609948, "episode_rewards": [14.0], "episode_types": ["t"], "timestamps": [1586763009.1834612]}