{"episode_types": ["t"], "episode_lengths": [14], "initial_reset_timestamp": 1586768501.7586467, "episode_rewards": [14.0], "timestamps": [1586768503.3779688]}