{"episode_types": ["t"], "initial_reset_timestamp": 1586767728.2545538, "episode_lengths": [12], "episode_rewards": [12.0], "timestamps": [1586767730.6874053]}