{"episode_rewards": [14.0], "episode_lengths": [14], "episode_types": ["t"], "initial_reset_timestamp": 1586766530.2894988, "timestamps": [1586766531.555012]}