{"episode_rewards": [12.0], "initial_reset_timestamp": 1586762374.989438, "episode_lengths": [12], "episode_types": ["t"], "timestamps": [1586762377.8500042]}