{"episode_rewards": [12.0], "episode_lengths": [12], "timestamps": [1586768730.2474017], "episode_types": ["t"], "initial_reset_timestamp": 1586768729.2704308}