{"episode_rewards": [12.0], "episode_lengths": [12], "episode_types": ["t"], "initial_reset_timestamp": 1586766392.0554435, "timestamps": [1586766393.8473256]}