{"episode_lengths": [12], "initial_reset_timestamp": 1586762882.6665578, "episode_rewards": [12.0], "episode_types": ["t"], "timestamps": [1586762885.2181504]}