{"initial_reset_timestamp": 1586762638.2345634, "episode_rewards": [12.0], "episode_lengths": [12], "episode_types": ["t"], "timestamps": [1586762640.5456963]}