{"episode_rewards": [12.0], "initial_reset_timestamp": 1586762457.5491788, "episode_lengths": [12], "timestamps": [1586762458.807122], "episode_types": ["t"]}