{"initial_reset_timestamp": 1586767784.359883, "timestamps": [1586767786.9154742], "episode_lengths": [12], "episode_rewards": [12.0], "episode_types": ["t"]}