{"episode_rewards": [12.0], "initial_reset_timestamp": 1586773114.527837, "episode_lengths": [12], "episode_types": ["t"], "timestamps": [1586773116.7122674]}