{"episode_rewards": [12.0], "initial_reset_timestamp": 1586762554.673951, "timestamps": [1586762557.4077022], "episode_types": ["t"], "episode_lengths": [12]}