{"episode_rewards": [14.0], "episode_lengths": [14], "timestamps": [1586768858.905057], "episode_types": ["t"], "initial_reset_timestamp": 1586768857.9576702}