{"episode_types": ["t"], "episode_lengths": [12], "initial_reset_timestamp": 1586768397.841881, "episode_rewards": [12.0], "timestamps": [1586768399.538329]}