{"timestamps": [1586772169.8906963], "episode_rewards": [12.0], "episode_types": ["t"], "initial_reset_timestamp": 1586772168.0510628, "episode_lengths": [12]}